total_sales,total_profit,avg_order_value
1844164.7103000002,198404.81470000005,186.39222865372955
